{
    "openapi": "3.0.0",
    "info": {
		"title": "Exam for 4 month Meros App",
		"description": "This is Meros App for Exam this app for online shops",
		"version": "0.0.0"
	},
    "paths": {
        "/meros/category-get": {
            "get": {
                "sammary": "Get all Categories",
                "responses": {
                    "200": {
                        "description": "OK",
                        "content": {
                            "application/json": {
                                "schema": {
                                    "type": "object",
                                    "example": {
                                        "id": "7c051d9a-bc11-4615-b65c-7cc0b1e0846c",
                                        "name": "book"
                                    },
                                    "status": {
                                        "type": "integer",
                                        "format": "int64",
                                        "default": "200",
                                        "description": "Status of the response"
                                    }
                                }
                            }
                        }
                    }
                },
                "tags": [
                    "Category"
                ]
            }
        },
        "/meros/create-category": {
            "post": {
                "tags": [
                    "Category"
                ],
                "summary": "Create Category",
                "requestBody": { 
                    "content": {
                        "application/json": {
                            "schema": {
                                "type": "object",
								"properties": {
									"title": {
										"type": "string"
									}
								},
								"example": {
									"title": "Clothes"
								}

                            }
                        }
                    },
                    "required": true
                },
                "responses": {
                    "201": {
                        "description": "Ok",
                        "content": {
                            "application/json": {
                                "schema": {
                                    "type": "object",
                                    "properties": {
										"message": {
											"type": "string",
											"description": "Message of the response"
										},
										"status": {
											"type": "integer",
											"format": "int64",
											"default": "201",
											"description": "Status of the response"
										},
										"data": {
											"type": "object",
											"default": {
												"cat_title": "Clothes"
											}
										}
									}
                                }
                            }
                        }
                    },
                    "405": {
                        "description": "Invalid status value"
                    }
                }
            }
        },
        "/meros/update-category/{id}": {
            "put": {
                "tags": [
                    "Category"
                ],
                "summary": "Update Category",
                "parameters": [
					{
						"in": "path",
						"name": "id",
						"schema": {
							"type": "string"
						},
						"required": true
					}
				],
				"description": "With this api you can update Category",
                "requestBody": {
                    "content": {
                        "application/json": {
                            "schema": {
                                "properties": {
									"title":{
										"type": "string"
									}
								},
								"example": {
									"title" : "Books"
								}
                            }
                        }
                    },
                    "required": true
                },
                "responses": {
                    "200": {
                        "description": "Ok",
                        "content": {
                            "application/json": {
                                "schema": {
                                    "type": "array",
                                    "properties": {
										"message": {
											"type": "string",
											"default": "Update",
											"description": "Message of the response"
										},
										"status": {
											"type": "integer",
											"format": "int64",
											"default": "200",
											"description": "Status of the response"
										},
										"data": {
											"type": "object",
											"default": {
												"id": "1120f438-9713-4cab-830e-0bbf97fa3446",
												"title": "Books"
											}
										}
									}
                                }
                            }
                        }
                    }
                }
            }
        },
        "/meros/delete-category/{id}": {
            "delete": {
                "tags": [
                    "Category"
                ],
                "summary": "Delete Category", 
                "parameters": [
					{
						"in": "path",
						"name": "id",
						"schema": {
							"type": "string"
						},
						"required": true
					}
				],
                "responses": {
                    "200": {
                        "description": "Category Deleted Success",
                        "content": {
                            "application/json": {
                                "schema": {
                                    "type": "object",
                                    "properties": {
										"message": {
											"type": "string",
											"default": "Delete",
											"description": "Message of the response"
										},
										"status": {
											"type": "integer",
											"format": "int64",
											"default": "204",
											"description": "Status of the response"
										},
										"data": {
											"type": "object",
											"default": {
												"id": "fb5c6fb0-47f9-4a49-aceb-aa2b50a2556b",
												"title": "Books"
											}
										}
									}
                                }
                            }
                        }
                    }
                }
            }
        },
        "/meros/category-byId/{categoryId}": {
			"get": {
				"tags": ["Category"],
				"summary": "Create a new Category",
				"description": "With this api you can view Category",
				"parameters": [
				{
					"in": "path",
					"name": "categoryId",
					"schema": {
						"type": "string"
					},
					"required": true
				}],
				"responses": {
					"200": {
						"description": "ok",
						"content": {
							"application/json:": {
								"schema": {
									"type": "object",
									"properties": {
										"message": {
											"type": "string",
											"default": "OK",
											"description": "Message of the response"
										},
										"status": {
											"type": "integer",
											"format": "int64",
											"default": "200",
											"description": "Status of the response"
										},
										"data": {
											"type": "object",
											"description": "view Category",
											"default": [
												{
													"id": "4e0c4333-e451-4a41-83ab-9cc97ae908d7",
													"title": "Clothes",
													"sub_category": [],
                                                    "sub_sub_category": [],
                                                    "products": []
												}
											]
										}
									}
								}
							}
						}
					}
				}
			}
		}
    },
    "components": {
        "schemas": {
            "CategoryGet": {
                "type": "object",
                "properties": {
                    "id": {
                        "type": "string",
                        "example": "2058e22a-e092-4cb9-a854-7c16f3f373a1"
                    },
                    "title": {
                        "type": "string",
                        "example": "Clothes"
                    }
                }
            },
            "CategoryPost": {
                "type": "object",
                "properties": {
                    "id": {
                        "type": "string",
                        "example": "fef3d9da-1f4f-4b41-88b1-efd696f3ef65"
                    },
                    "title": {
                        "type": "string",
                        "example": "Book"
                    }
                }
            },
            "CategoryUpdate": {
                "type": "object",
                "properties": {
                    "id": {
                        "type": "string",
                        "example": "fef3d9da-1f4f-4b41-88b1-efd696f3ef65"
                    },
                    "title": {
                        "type": "string",
                        "example": "Book"
                    }
                }
            },
            "CategoryDelete": {
                "type": "object",
                "properties": {
                    "id": {
                        "type": "string",
                        "example": "2058e22a-e092-4cb9-a854-7c16f3f373a1"
                    },
                    "title": {
                        "type": "string",
                        "example": "2058e22a-e092-4cb9-a854-7c16f3f373a1"
                    }
                }
            }
        }
    }
}